id_dep,departamento,id_municipal,municipio,alcalde,partido,fundacion,telefono,email,web,twitter,facebook
1,Guatemala,101,Guatemala,Ricardo  Quiñonez Lemus,UNIONISTA,,,,,,
1,Guatemala,102,Santa Catarina Pinula,Sebastian  Siero Asturias,UNIONISTA,,,,,,
1,Guatemala,103,San José Pinula,Miguel Angel Solares Montenegro,UNE,,,,,,
1,Guatemala,104,San José del Golfo,Jose Rocael Chamale Enriquez,VAMOS,,,,,,
1,Guatemala,105,Palencia,Guadalupe Alberto Reyes Aguilar,UNE,,,,,,
1,Guatemala,106,Chinautla,Brenda Elizabeth Del Cid Medrano Montiel,UNE,,,,,,
1,Guatemala,107,San Pedro Ayampuc,Jose Fredy Pelaez Avalos,UNE,,,,,,
1,Guatemala,108,Mixco,Neto  Bran Montenegro,TODOS,,,,,,
1,Guatemala,109,San Pedro Sacatepéquez,Noe Leopoldo Boror Hernandez,CREO,,,,,,
1,Guatemala,110,San Juan Sacatepéquez,Juan Carlos Pellecer Agustin,TODOS,,,,,,
1,Guatemala,111,San Raymundo,Joel Humberto Choy Yoc,UCN,,,,,,
1,Guatemala,112,Chuarrancho,Alejandro  Gonzalez Xajap,UNE,,,,,,
1,Guatemala,113,Fraijanes,Wilton Leonardo Berreondo Figueroa,PHG,,,,,,
1,Guatemala,114,Amatitlán,Mainor Guillermo Orellana Mazariegos,VALOR,,,,,,
1,Guatemala,115,Villa Nueva,Javier Alejandro Gramajo Escobar,FUERZA,,,,,,
1,Guatemala,116,Villa Canales,Julio Daniel Marroquin Ordoñez,UNE,,,,,,
1,Guatemala,117,San Miguel Petapa,Mynor Rolando Morales Chavez,VALOR,,,,,,
2,El Progreso,201,Guastatoya,Jorge Antonio Orellana Pinto,UNE,,,,,,
2,El Progreso,202,Morazán,Marco Tulio Arriaza Cordova,UNE,,,,,,
2,El Progreso,203,San Agustín Acasaguastlán,Jose Manuel Marroquin Hichos,PHG,,,,,,
2,El Progreso,204,San Cristóbal Acasaguastlán,Edgar Humberto Castañeda Ruano,CREO,,,,,,
2,El Progreso,205,El Jícaro,Jose Francisco Mejia Flores,PC,,,,,,
2,El Progreso,206,Sansare,Alex Donaldo Castañeda Mejia,UNE,,,,,,
2,El Progreso,207,Sanarate,Victor Israel Guerra Zavala,UNE,,,,,,
2,El Progreso,208,San Antonio La Paz,Nubere Agustin Lopez Lopez,VAMOS,,,,,,
3,Sacatepéquez,301,Antigua Guatemala,Victor Hugo Del Pozo Coronado,TODOS,,,,,,
3,Sacatepéquez,302,Jocotenango,Marcus Alexander Gonzalez Perez,MarCus,,,,,,
3,Sacatepéquez,303,Pastores,Hugo Leonel Mendoza Reyes,MUP,,,,,,
3,Sacatepéquez,304,Sumpango,Carlos Enrique Cubur Sula,CCSS,,,,,,
3,Sacatepéquez,305,Santo Domingo Xenacoj,David Aniceto Aquino Chocoyo,FUERZA,,,,,,
3,Sacatepéquez,306,Santiago Sacatepéquez,Salomon  Itzol Pec,FUERZA,,,,,,
3,Sacatepéquez,307,San Bartolomé Milpas Altas,Rosalio  Axpuac Martinez,PC,,,,,,
3,Sacatepéquez,308,San Lucas Sacatepéquez,Jorge Adan Rodriguez Dieguez,UNE,,,,,,
3,Sacatepéquez,309,Santa Lucía Milpas Altas,Augusto Agustin Vicente,TODOS,,,,,,
3,Sacatepéquez,310,Magdalena Milpas Altas,Juan Francisco Perez Mendez,UNE,,,,,,
3,Sacatepéquez,311,Santa María de Jesús,Daniel  Sunun Sica,UNE,,,,,,
3,Sacatepéquez,312,Ciudad Vieja,Clemente Federico Arturo Bethancourt Sanchez,LIBRE,,,,,,
3,Sacatepéquez,313,San Miguel Dueñas,Jose Otilio Barrientos Cabrera,UNIONISTA,,,,,,
3,Sacatepéquez,314,Alotenango,Sergio Gonzalo Sul Civil,UNIDOS,,,,,,
3,Sacatepéquez,315,San Antonio Aguas Calientes,Elwin  Hernandez Zamora,PC,,,,,,
3,Sacatepéquez,316,Santa Catarina Barahona,Elmer Neftali Ordoñez Lopez,TODOS,,,,,,
4,Chimaltenango,401,Chimaltenango,Carlos Alexander Simaj Chan,UNE,,,,,,
4,Chimaltenango,402,San José Poaquil,Carlos  Similox Sisimit,VAMOS,,,,,,
4,Chimaltenango,403,San Martín Jilotepeque,Bartolome  Chocoj Camey,MAS UNIDOS,,,,,,
4,Chimaltenango,404,San Juan Comalapa,Justo Rufino Similox Pichiya,UNE,,,,,,
4,Chimaltenango,405,Santa Apolonia,Francisco  Tepaz Aju,UNE,,,,,,
4,Chimaltenango,406,Tecpán Guatemala,Obispo Pablo Puac Puac,TRIGO,,,,,,
4,Chimaltenango,407,Patzún,Guadalupe  Cojti Xulu,VAMOS,,,,,,
4,Chimaltenango,408,San Miguel Pochuta,Jose Benjamin Vasquez Reyes,UNE,,,,,,
4,Chimaltenango,409,Patzicía,Joel Justiniano Esquit Sanum,VAMOS,,,,,,
4,Chimaltenango,410,Santa Cruz Balanyá,Enio Oswaldo Juarez Roquel,PC,,,,,,
4,Chimaltenango,411,Acatenango,Isaias  Marroquin Figueroa,UNE,,,,,,
4,Chimaltenango,412,San Pedro Yepocapa,Bernabe  Ajin Vicente,UNE,,,,,,
4,Chimaltenango,413,San Andrés Itzapa,Francisco  Tojin Vasquez,C.C.I.H.,,,,,,
4,Chimaltenango,414,Parramos,Alicia  Mendez Gonzalez Castañeda,PODEMOS,,,,,,
4,Chimaltenango,415,Zaragoza,Hugo Leonel Perez Melendez,Zaragoza por Siempre,,,,,,
4,Chimaltenango,416,El Tejar,Julio Axel Figueroa Muñoz,FCN-NACION,,,,,,
5,Escuintla,501,Escuintla,Edgar Abraham Rivera Estevez,VICTORIA,,,,,,
5,Escuintla,502,Santa Lucía Cotzulmalguapa,Romeo  Ramos Cruz,PPT,,,,,,
5,Escuintla,503,La Democracia,Dora Aldina Perez Martinez,PODEMOS,,,,,,
5,Escuintla,504,Siquinalá,Edgar Roberto Alvarez Veliz,CREO,,,,,,
5,Escuintla,505,Masagua,Aura Marina Orantes Gaitan De Bran,UNE,,,,,,
5,Escuintla,506,Tiquisate,Juan Francisco Carias Vivar,UCN,,,,,,
5,Escuintla,507,La Gomera,Floridalma  Morales Contreras,UNE,,,,,,
5,Escuintla,508,Guanagazapa,Weimer Wuilfredo Reyes Castillo,UNE,,,,,,
5,Escuintla,509,San José,Marco Vinicio Najarro Cruz,UNE,,,,,,
5,Escuintla,510,Iztapa,Mario Rolando Mejia Alfaro,PC,,,,,,
5,Escuintla,511,Palín,Jose Ricardo Quezada,VAMOS,,,,,,
5,Escuintla,512,San Vicente Pacaya,Axel Catalino Gonzalez,UNE,,,,,,
5,Escuintla,513,Nueva Concepción,Jose Adolfo Posuelos Suarez,UNE,,,,,,
5,Escuintla,514,Sipacate,Walter Orlando Najera Gonzalez,FCN-NACION,,,,,,
6,Santa Rosa,601,Cuilapa,Esvin Fernando Marroquin Tupas,PC,,,,,,
6,Santa Rosa,602,Barberena,Rubelio  Recinos Corea,UNIONISTA,,,,,,
6,Santa Rosa,603,Santa Rosa de Lima,Llan Carlos Davila Arevalo,CCS,,,,,,
6,Santa Rosa,604,Casillas,Dayri Benjamin Bocanegra Salazar,UCN,,,,,,
6,Santa Rosa,605,San Rafael Las Flores,Roberto De Jesus Pivaral Y Pivaral,UNE,,,,,,
6,Santa Rosa,606,Oratorio,Ely Yovany Orozco Martinez,PC,,,,,,
6,Santa Rosa,607,San Juan Tecuaco,Wilian Alonzo Garcia Y Garcia,UCN,,,,,,
6,Santa Rosa,608,Chiquimulilla,Ruben Dario Escobar Ruiz,PC,,,,,,
6,Santa Rosa,609,Taxisco,Uben  Castillo Orantes,UNE,,,,,,
6,Santa Rosa,610,Santa María Ixhuatán,Jorge Alexis Quevedo Divas,UNE,,,,,,
6,Santa Rosa,611,Guazacapán,Francisco  Orantes,UNE,,,,,,
6,Santa Rosa,612,Santa Cruz Naranjo,Carlos Salvador Rodriguez Revolorio,CCS,,,,,,
6,Santa Rosa,613,Pueblo Nuevo Viñas,Cristiams Josue Blanco Fajardo,UCN,,,,,,
6,Santa Rosa,614,Nueva Santa Rosa,Jose Enrrique Arredondo Amaya,UNE,,,,,,
7,Sololá,701,Sololá,Carlos Humberto Guarquez Ajiquichi,URNG MAIZ,,,,,,
7,Sololá,702,San José Chacayá,Luis Florencio Garcia Chuta,UNE,,,,,,
7,Sololá,703,Santa María Visitación,Mario Roberto Dionisio Dionisio,VAMOS,,,,,,
7,Sololá,704,Santa Lucía Utatlán,Macario Encarnacion Joj Yac,VIVA,,,,,,
7,Sololá,705,Nahualá,Manuel  Guarchaj Tzep,VAMOS,,,,,,
7,Sololá,706,Santa Catarina Ixtahuacán,Pascual  Tambriz Tzep,UNE,,,,,,
7,Sololá,707,Santa Clara La Laguna,Francisco  Chavajay Saquic,UCN,,,,,,
7,Sololá,708,Concepción,Pedro  Juracan Leja,FUERZA,,,,,,
7,Sololá,709,San Andrés Semetabaj,Gaspar  Chumil Morales,URNG MAIZ,,,,,,
7,Sololá,710,Panajachel,Cesar Pablo Piedrasanta Rodriguez,PC,,,,,,
7,Sololá,711,Santa Catarina Palopó,Cruz  Sajvin Ordoñez,VAMOS,,,,,,
7,Sololá,712,San Antonio Palopó,Anibal Beltran Carrillo Motta,CREO,,,,,,
7,Sololá,713,San Lucas Tolimán,Jonatan  Lopez Pacheco,CCEA,,,,,,
7,Sololá,714,Santa Cruz La Laguna,Bartolo  Simaj Balcot,FUERZA,,,,,,
7,Sololá,715,San Pablo La Laguna,Juan  Ujpan Piy,UNE,,,,,,
7,Sololá,716,San Marcos La Laguna,Vicente Raul Puzul Mendoza,PHG,,,,,,
7,Sololá,717,San Juan La Laguna,Flavio Jose Yojcom Garcia,VAMOS,,,,,,
7,Sololá,718,San Pedro La Laguna,Edwin Mauricio Mendez Puac,URNG MAIZ,,,,,,
7,Sololá,719,Santiago Atitlán,Bartolome  Ajchomajay Tacaxoy,VAMOS,,,,,,
8,Totonicapán,801,Totonicapán,Luis Alfredo Herrera Amado,UNE,,,,,,
8,Totonicapán,802,San Cristóbal Totonicapán,Gaspar  Chay Hic,FCN-NACION,,,,,,
8,Totonicapán,803,San Francisco El Alto,Jose Manuel Gomez Garcia,VAMOS,,,,,,
8,Totonicapán,804,San Andrés Xecul,Faustino Ricardo Chan Cux,UNE,,,,,,
8,Totonicapán,805,Momostenango,Santiago  Vicente Chanchavac,TODOS,,,,,,
8,Totonicapán,806,Santa María Chiquimula,Juan Justo Lux Carrillo,VICTORIA,,,,,,
8,Totonicapán,807,Santa Lucía La Reforma,Pedro  Osorio Quinillo,VAMOS,,,,,,
8,Totonicapán,808,San Bartolo Aguas Calientes,Rudy Eduardo Chun Perez,VAMOS,,,,,,
9,Quetzaltenango,901,Quetzaltenango,Juan Fernando Lopez Fuentes,PHG,,,,,,
9,Quetzaltenango,902,Salcajá,Rolando Miguel Ovalle Barrios,CREO,,,,,,
9,Quetzaltenango,903,Olintepeque,Carlos Enrique Baten Gomez,BIEN,,,,,,
9,Quetzaltenango,904,San Carlos Sija,Hugo Arlando Garcia Mazariegos,VALOR,,,,,,
9,Quetzaltenango,905,Sibilia,Gelver Facundo Ochoa Gramajo,TODOS,,,,,,
9,Quetzaltenango,906,Cabricán,Eleazar Esau Lopez Y Lopez,UNE,,,,,,
9,Quetzaltenango,907,Cajolá,Juan  Gomez Lopez,FCN-NACION,,,,,,
9,Quetzaltenango,908,San Miguel Sigüila,Anibal  Diaz Vicente,CREO,,,,,,
9,Quetzaltenango,909,San Juan Ostuncalco,Felix Luis Marroquin Escalante,UNE,,,,,,
9,Quetzaltenango,910,San Mateo,Elvin Yobany Cifuentes Escobar,UNE,,,,,,
9,Quetzaltenango,911,Concepción Chiquirichapa,Remigio  Hernandez Lorenzo,PAPA,,,,,,
9,Quetzaltenango,912,San Martín Sacatepéquez,Juan  De Leon Salez,VIVA,,,,,,
9,Quetzaltenango,913,Almolonga,Oscar Paul Gonon Nimatuj,VAMOS,,,,,,
9,Quetzaltenango,914,Cantel,David Joel Chojolan Zorin,TODOS,,,,,,
9,Quetzaltenango,915,Huitán,Cesar Augusto Calderon Lopez,UNE,,,,,,
9,Quetzaltenango,916,Zunil,Julio Cesar Xicay Poz,BIEN,,,,,,
9,Quetzaltenango,917,Colomba,Isidro Herminio Castillo Diaz,UNE,,,,,,
9,Quetzaltenango,918,San Francisco La Unión,Juan Anacleto Hernandez Huinac,VIVA,,,,,,
9,Quetzaltenango,919,El Palmar,Rene Haroldo Ramirez Mendez,VALOR,,,,,,
9,Quetzaltenango,920,Coatepeque,Alfonso  Garcia Junco Hemmerling,UNE,,,,,,
9,Quetzaltenango,921,Génova,Edgar Amilcar Escalante Morales,VALOR,,,,,,
9,Quetzaltenango,922,Flores Costa Cuca,Mario Rene Lozano Giron,VAMOS,,,,,,
9,Quetzaltenango,923,La Esperanza,Abrahim  Zelada Lopez,TODOS,,,,,,
9,Quetzaltenango,924,Palestina de los Altos,Ini Velter Morales Castillo,UNE,,,,,,
10,Suchitepéquez,1001,Mazatenango,Manuel De Jesus Delgado Sagarminaga,C.C.C.,,,,,,
10,Suchitepéquez,1002,Cuyotenango,Jorge Arturo Reyes Ceballos,UCN,,,,,,
10,Suchitepéquez,1003,San Francisco Zapotitlán,Carlos Rene Chavez Kestler,UCN,,,,,,
10,Suchitepéquez,1004,San Bernardino,Lorenzo  Ignacio Santos,URNG MAIZ,,,,,,
10,Suchitepéquez,1005,San José El Ídolo,Alfredo  Oliva Lam,UNE,,,,,,
10,Suchitepéquez,1006,Santo Domingo Suchitepéquez,Marvin Gustavo Perez Gualip,UCN,,,,,,
10,Suchitepéquez,1007,San Lorenzo,Henry Estuardo Ayala Dardon,FCN-NACION,,,,,,
10,Suchitepéquez,1008,Samayac,Camilo Felipe Hernandez Lopez,UNE,,,,,,
10,Suchitepéquez,1009,San Pablo Jocopilas,Melvin Paolo Macario Taquiej,UCN,,,,,,
10,Suchitepéquez,1010,San Antonio Suchitepéquez,Edgar Mauricio Ovalle Siguan,UNE,,,,,,
10,Suchitepéquez,1011,San Miguel Panán,Gilberto Rocael Arauz Cal,UCN,,,,,,
10,Suchitepéquez,1012,San Gabriel,Remigio  Noj Ramos,PHG,,,,,,
10,Suchitepéquez,1013,Chicacao,Uri Antulio Maldonado De Leon,UNE,,,,,,
10,Suchitepéquez,1014,Patulul,Cesar Augusto Calderon Uribio,PAN,,,,,,
10,Suchitepéquez,1015,Santa Bárbara,Efrain  Coche Gonzalez,UCN,,,,,,
10,Suchitepéquez,1016,San Juan Bautista,Victor Haroldo Oviedo Ajcalon,PC,,,,,,
10,Suchitepéquez,1017,Santo Tomas La Unión,Pedro Augusto Chavaloc Aguilar,SEMILLA,,,,,,
10,Suchitepéquez,1018,Zunilito,Rudi Eduardo Edelman Cop,UNE,,,,,,
10,Suchitepéquez,1019,Pueblo Nuevo,Diego  Lux Lux,PHG,,,,,,
10,Suchitepéquez,1020,Río Bravo,Juan Francisco Lopez Diaz,UNE,,,,,,
10,Suchitepéquez,1021,San José La Máquina,Alberto  Martinez Lopez,SEMILLA,,,,,,
11,Retalhuleu,1101,Retalhuleu,Pablo Jose Villatoro Flores,BIEN,,,,,,
11,Retalhuleu,1102,San Sebastián,Oscar David Taleon Alban,VALOR,,,,,,
11,Retalhuleu,1103,Santa Cruz Muluá,Elio Francisco Puac Castillo,VALOR,,,,,,
11,Retalhuleu,1104,San Martín Zapotitlán,Blanca Estela Mendoza Mendez,TODOS,,,,,,
11,Retalhuleu,1105,San Felipe Retalhuleu,Adonias Jehu Salazar Quezada,VALOR,,,,,,
11,Retalhuleu,1106,San Andrés Villa Seca,Marco Tulio De Leon Solares,UNE,,,,,,
11,Retalhuleu,1107,Champerico,Rosalio  Lopez Lopez,UNE,,,,,,
11,Retalhuleu,1108,Nuevo San Carlos,Juan Carlos Escobar Maldonado,VALOR,,,,,,
11,Retalhuleu,1109,El Asintal,Hugo Ranferi Escobar Barrios,UNE,,,,,,
12,San Marcos,1201,San Marcos,Willy Rene Juarez Gonzalez,CUM,,,,,,
12,San Marcos,1202,San Pedro Sacatepéquez,Juan Eliezer Gonzalez Gonzalez,VAMOS,,,,,,
12,San Marcos,1203,San Antonio Sacatepéquez,Oscar Jonatan Perez Cardona,UCN,,,,,,
12,San Marcos,1204,Comitancillo,Hector  Lopez Ramirez,UNE,,,,,,
12,San Marcos,1205,San Miguel Ixtahuacán,Timoteo Feliciano Velasquez Bamaca,BIEN,,,,,,
12,San Marcos,1206,Concepción Tutuapa,Ofelio Joel Morales Simon,BIEN,,,,,,
12,San Marcos,1207,Tacaná,Eulalio Nicacio De Leon Velasquez,BIEN,,,,,,
12,San Marcos,1208,Sibinal,Walter Rodrigo Roblero Ortiz,BIEN,,,,,,
12,San Marcos,1209,Tajumulco,Jose Eliseo Chavez Chavez,UNE,,,,,,
12,San Marcos,1210,Tejutla,Haroldo Crecencio Velasquez Ortega,TODOS,,,,,,
12,San Marcos,1211,San Rafael Pie de la Cuesta,Over Leonel Reyna Escobar,C.C.N.I.,,,,,,
12,San Marcos,1212,Nuevo Progreso,Rogelio Salvador Castillo Alvarado,CCAM,,,,,,
12,San Marcos,1213,El Tumbador,Diego Armando Ochoa Bautista,CREO,,,,,,
12,San Marcos,1214,El Rodeo,Crysthian Omar Escobar Angel,CREO,,,,,,
12,San Marcos,1215,Malacatán,Emilio Obdulio Galvez Perez,CREO,,,,,,
12,San Marcos,1216,Catarina,Fulbio Ludvin Perez De Leon,CREO,,,,,,
12,San Marcos,1217,Ayutla,Eustaquio Ruben Mendez De Leon,CCC,,,,,,
12,San Marcos,1218,Ocós,Carlos Danilo Preciado Navarijo,CCLP,,,,,,
12,San Marcos,1219,San Pablo,Rudy Danilo Martinez Ocaña,UCN,,,,,,
12,San Marcos,1220,El Quetzal,Adoram Esau Miranda Vasquez,UCN,,,,,,
12,San Marcos,1221,La Reforma,Edgar Francisco Solano Alcazar,UCN,,,,,,
12,San Marcos,1222,Pajapita,Julio Cesar Lam Calderon,TODOS,,,,,,
12,San Marcos,1223,Ixchiguán,Mario Alberto Chavez Chavez,VAMOS,,,,,,
12,San Marcos,1224,San José Ojetenam,Bayron David Chaj Gonzalez,VAMOS,,,,,,
12,San Marcos,1225,San Cristóbal Cucho,Wilman Hernan Orozco Orozco,VAMOS,,,,,,
12,San Marcos,1226,Sipacapa,Ernesto Ramiro Bautista Rafael,CREO,,,,,,
12,San Marcos,1227,Esquipulas Palo Gordo,Exadillas Dionel Ramos Aguilar,FCN-NACION,,,,,,
12,San Marcos,1228,Río Blanco,Oscar Tereso Alvarez Abelarde,PHG,,,,,,
12,San Marcos,1229,San Lorenzo,Roldan Josue Tema Coronado,FCN-NACION,,,,,,
12,San Marcos,1230,La Blanca,Edilma Elizabeth Navarijo De Leon,UCN,,,,,,
13,Huehuetenango,1301,Huehuetenango,Gustavo Adolfo Cano Villatoro,VAMOS,,,,,,
13,Huehuetenango,1302,Chiantla,Elvis Gilberto Tello Alvarado,UNE,,,,,,
13,Huehuetenango,1303,Malacatancito,Irma Elizabeth Avila Alvarado,UNE,,,,,,
13,Huehuetenango,1304,Cuilco,Manrique Obel Galvez De Leon,UNE,,,,,,
13,Huehuetenango,1305,Nentón,Rudi  Gordillo Velasco,FCN-NACION,,,,,,
13,Huehuetenango,1306,San Pedro Necta,Julio Amilcar Ambrocio Ramirez,FCN-NACION,,,,,,
13,Huehuetenango,1307,Jacaltenango,Juan Antonio Camposeco Delgado,UNE,,,,,,
13,Huehuetenango,1308,San Pedro Soloma,Felipe Domingo Bacilio Pedro,FUERZA,,,,,,
13,Huehuetenango,1309,San Idelfonso Ixtahuacán,Elias  Ortiz Andres,UNE,,,,,,
13,Huehuetenango,1310,Santa Bárbara,Efrain  Lopez Gomez,UNE,,,,,,
13,Huehuetenango,1311,La Libertad,Oscar Armindo Perez,UNE,,,,,,
13,Huehuetenango,1312,La Democracia,Santiago Aminabad Molina Lopez,FUERZA,,,,,,
13,Huehuetenango,1313,San Miguel Acatán,Alonzo  Carlos Miguel,UCN,,,,,,
13,Huehuetenango,1314,San Rafael La Independencia,Emilio  Francisco Andres,UNE,,,,,,
13,Huehuetenango,1315,Todos Santos Cuchumatán,Martin  Jimenez Jeronimo,CREO,,,,,,
13,Huehuetenango,1316,San Juan Atitán,Santos  Hernandez Godinez,UCN,,,,,,
13,Huehuetenango,1317,Santa Eulalia,Augusto Sebastian Francisquez Perez,UNE,,,,,,
13,Huehuetenango,1318,San Mateo Ixtatán,Andres  Santizo Gomez,UCN,,,,,,
13,Huehuetenango,1319,Colotenango,Romeo  Domingo Gomez,UCN,,,,,,
13,Huehuetenango,1320,San Sebastián Huehuetenango,Rigoberto  Sales Sales,UCN,,,,,,
13,Huehuetenango,1321,Tectitán,Dony Rossembert Angel Borrayes,URNG MAIZ,,,,,,
13,Huehuetenango,1322,Concepción Huista,Juan  Ahilon Vargas,FCN-NACION,,,,,,
13,Huehuetenango,1323,San Juan Ixcoy,Andres  Rafael Lopez,CONVERGENCIA,,,,,,
13,Huehuetenango,1324,San Antonio Huista,Lindin Marin Morales Saenz,TODOS,,,,,,
13,Huehuetenango,1325,San Sebastián Coatán,Juan Sebastian Diego Juan,UCN,,,,,,
13,Huehuetenango,1326,Barillas,Gilberto  Francisco Manuel,CREO,,,,,,
13,Huehuetenango,1327,Aguacatán,Pablo  Escobar Mendez,FCN-NACION,,,,,,
13,Huehuetenango,1328,San Rafael Pétzal,Kalinery  Morales Sales,UNE,,,,,,
13,Huehuetenango,1329,San Gaspar Ixchil,Sebastian  Garcia Perez,UCN,,,,,,
13,Huehuetenango,1330,Santiago Chimaltenango,Froylan Elias Aguilar Jimenez,UNE,,,,,,
13,Huehuetenango,1331,Santa Ana Huista,Edin  Morales Figueroa,TODOS,,,,,,
13,Huehuetenango,1332,Unión Cantinil,Osmar Alexander Tello Figueroa,UNE,,,,,,
13,Huehuetenango,1333,Petatán,Juan Bernardo Hernandez Domingo,CONVERGENCIA,,,,,,
14,Quiché,1401,Santa Cruz del Quiché,Jose Francisco Perez Reyes,UNE,,,,,,
14,Quiché,1402,Chiché,Mario Frederick Tiño Lindo,SEMILLA,,,,,,
14,Quiché,1403,Chinique,Mayrol Gregorio Juarez Perez,UNE,,,,,,
14,Quiché,1404,Zacualpa,Sabino Herwin Calachij Gutierrez,PC,,,,,,
14,Quiché,1405,Chajul,Juan  Mateo Bop,VAMOS,,,,,,
14,Quiché,1406,Chichicastenango,Manuel  Tebelan Calgua,UNE,,,,,,
14,Quiché,1407,Patzité,Melchor  Aguare Calel,UNE,,,,,,
14,Quiché,1408,San Antonio Ilotenango,Domingo  Ajeataz Cho,UNE,,,,,,
14,Quiché,1409,San Pedro Jocopilas,Nicolas  Lopez Mendoza,TODOS,,,,,,
14,Quiché,1410,Cunén,Pedro Alejandro Pu Canto,UNE,,,,,,
14,Quiché,1411,San Juan Cotzal,Jacinto  Sambrano Medina,VALOR,,,,,,
14,Quiché,1412,Joyabaj,Florencio  Carrascoza Gamez,UNE,,,,,,
14,Quiché,1413,Nebaj,Virgilio Geronimo Bernal Guzman,PC,,,,,,
14,Quiché,1414,San Andrés Sajcabajá,Pedro  Tix Gonzales,VAMOS,,,,,,
14,Quiché,1415,San Miguel Uspantán,Victor Hugo Figueroa Perez,UNE,,,,,,
14,Quiché,1416,Sacapulas,Alberto  Lux Tzunux,UNE,,,,,,
14,Quiché,1417,San Bartolomé Jocotenango,Joaquin  Xotoy Tum,VAMOS,,,,,,
14,Quiché,1418,Canillá,Yanuario  Urizar Anzueto,UNE,,,,,,
14,Quiché,1419,Chicamán,Pedro  Gamarro Morales,UNE,,,,,,
14,Quiché,1420,Ixcán,Antonio  Elias Calel,UNE,,,,,,
14,Quiché,1421,Pachalum,Boanerges  Velasquez Duarte,VAMOS,,,,,,
15,Baja Verapaz,1501,Salamá,Victor Jordan De La Cruz Cruz,UNE,,,,,,
15,Baja Verapaz,1502,San Miguel Chicaj,Fernando  Calate Cuquej,COCIEES,,,,,,
15,Baja Verapaz,1503,Rabinal,Octaviano  Alvarado Garcia,COCIECH,,,,,,
15,Baja Verapaz,1504,Cubulco,Tomas Marcelino Alonzo Teletor,TODOS,,,,,,
15,Baja Verapaz,1505,Granados,Marvin Ovidio Canahui Marroquin,UNIDOS,,,,,,
15,Baja Verapaz,1506,Santa Cruz El Chol,Enrique  Milian Perez,UNE,,,,,,
15,Baja Verapaz,1507,San Jerónimo,Gilberto Salomon Lopez Alcantara,TODOS,,,,,,
15,Baja Verapaz,1508,Purulhá,Guillermo Efrain Ramos Ortiz,UNE,,,,,,
16,Alta Verapaz,1601,Cobán,Leonel Arturo Chacon Barrios,VALOR,,,,,,
16,Alta Verapaz,1602,Santa Cruz Verapaz,Efrain  Cuc Moran,TODOS,,,,,,
16,Alta Verapaz,1603,San Cristóbal Verapaz,Ovidio  Choc Pop,VALOR,,,,,,
16,Alta Verapaz,1604,Tactic,Julio Baldomero Asig Isem,PC,,,,,,
16,Alta Verapaz,1605,Tamahú,Eduardo  Moll Santa Cruz,VALOR,,,,,,
16,Alta Verapaz,1606,San Miguel Tucurú,Leonel Victoriano Guzman Argueta,UNE,,,,,,
16,Alta Verapaz,1607,Panzós,Ernesto  Ramirez Caal,UNE,,,,,,
16,Alta Verapaz,1608,Senahú,Ariel Gonzalo Leal De Leon,VALOR,,,,,,
16,Alta Verapaz,1609,San Pedro Carchá,Winter  Coc Ba,VICTORIA,,,,,,
16,Alta Verapaz,1610,San Juan Chamelco,Ervin Orlando Tut Quim,FCN-NACION,,,,,,
16,Alta Verapaz,1611,San Agustín Lanquín,Roberto  Pop Mo,VIVA,,,,,,
16,Alta Verapaz,1612,Santa María Cahabón,Denis Cristian Fraatz Sierra,FCN-NACION,,,,,,
16,Alta Verapaz,1613,Chisec,Fidencio  Lima Pop,UCN,,,,,,
16,Alta Verapaz,1614,Chahal,Luis Rodolfo Barrientos Figueroa,UNIONISTA,,,,,,
16,Alta Verapaz,1615,Fray Bartolomé de las Casas,Arnoldo Federico Fontana Hercules,VICTORIA,,,,,,
16,Alta Verapaz,1616,Santa Catalina La Tinta,Jose Gilberto Artola Choc,UNE,,,,,,
16,Alta Verapaz,1617,Raxruhá,Carlos  Tut Xol,WINAQ,,,,,,
17,Petén,1701,Flores,Mayra Elizabeth Altan Palencia De Palacios,VAMOS,,,,,,
17,Petén,1702,San José,Yobani Donaldo Cortez Zac,Mi Pueblo,,,,,,
17,Petén,1703,San Benito,Carlos Antonio Kuylen Morales,UNE,,,,,,
17,Petén,1704,San Andrés,Milton Saul Mendez Fion,BIEN,,,,,,
17,Petén,1705,La Libertad,Gustavo Adolfo Diaz Diaz,UNE,,,,,,
17,Petén,1706,San Francisco,Juan Jose Paredes Guzman,FCN-NACION,,,,,,
17,Petén,1707,Santa Ana,Cesar Augusto Garrido Rosado,BIEN,,,,,,
17,Petén,1708,Dolores,Marvin Rolando Cruz Guzman,UNE,,,,,,
17,Petén,1709,San Luis,Macario Efrain Oliva Muralles,UCN,,,,,,
17,Petén,1710,Sayaxché,Jose Maria Cabnal Bol,UNE,,,,,,
17,Petén,1711,Melchor de Mencos,Luis Amado Yanes Mendoza,UNE,,,,,,
17,Petén,1712,Poptún,Vicente Alfredo Gil Castillo,VIVA,,,,,,
17,Petén,1713,Las Cruces,Bayron  Bernal Oliva,VIVA,,,,,,
17,Petén,1714,El Chal,Elias  Calderon Alvarez,VAMOS,,,,,,
18,Izabal,1801,Puerto Barrios,Hugo Rene Sarceño Orellana,PC,,,,,,
18,Izabal,1802,Livingston,Luis  Xol Rax,UCN,,,,,,
18,Izabal,1803,El Estor,Jose Joel Lorenzo Flores,UNE,,,,,,
18,Izabal,1804,Morales,Maynor David Portillo Vasquez,UNE,,,,,,
18,Izabal,1805,Los Amates,Nery Randolfo Cruz Perez,UNE,,,,,,
19,Zacapa,1901,Zacapa,Mynor Amilcar Morales Vargas,AL RESCATE DE ZACAPA,,,,,,
19,Zacapa,1902,Estanzuela,Mirna Yohaira Vargas Trujillo,UCN,,,,,,
19,Zacapa,1903,Río Hondo,Oscar Ernesto Mata,TUNO,,,,,,
19,Zacapa,1904,Gualán,Luis Fernando Cordon Vargas,UCN,,,,,,
19,Zacapa,1905,Teculután,Cesar Augusto Paz Castañeda,BIEN,,,,,,
19,Zacapa,1906,Usumatlán,Andi Natanael Pacheco Vasquez,UCN,,,,,,
19,Zacapa,1907,Cabañas,Javier Antonio Ortiz Garcia,UCN,,,,,,
19,Zacapa,1908,San Diego,Hugo Rene Villeda Portillo,BIEN,,,,,,
19,Zacapa,1909,La Unión,Edvin Gustavo Galvan,VAMOS,,,,,,
19,Zacapa,1910,Huité,Walter Joel Mateo Najera,UNE,,,,,,
19,Zacapa,1911,San Jorge,Oscar David Trujillo Sanchez,BIEN,,,,,,
20,Chiquimula,2001,Chiquimula,Rolando Arturo Aquino Guerra,LA MUTA,,,,,,
20,Chiquimula,2002,San José La Arada,Melvin Licinio Leon Villeda,VAMOS,,,,,,
20,Chiquimula,2003,San Juan Ermita,Miguel Angel Lopez Gutierrez,UNE,,,,,,
20,Chiquimula,2004,Jocotán,Ramon  Diaz Gutierrez,UNE,,,,,,
20,Chiquimula,2005,Camotán,Noe Rolando Guerra Guerra,TODOS,,,,,,
20,Chiquimula,2006,Olopa,Jose Jorge Lemus Espinoza,UCN,,,,,,
20,Chiquimula,2007,Esquipulas,Carlos Jose Lapola Rodriguez,DESARROLLO,,,,,,
20,Chiquimula,2008,Concepción las Minas,Juan Antonio Vanegas Hernandez,UCN,,,,,,
20,Chiquimula,2009,Quezaltepeque,Alvaro Rolando Morales Sandoval,UNE,,,,,,
20,Chiquimula,2010,San Jacinto,Marvin Juventino Morales Palma,UNE,,,,,,
20,Chiquimula,2011,Ipala,Esduin Jerson Javier Javier,MILPA,,,,,,
21,Jalapa,2101,Jalapa,Rafael Alfredo Sandoval Cabrera,UNE,,,,,,
21,Jalapa,2102,San Pedro Pinula,Jose Roberto Ramirez Guerra,UNE,,,,,,
21,Jalapa,2103,San Luis Jilotepeque,Juan Alberto Perez Manuel,EL CÁNTARO,,,,,,
21,Jalapa,2104,San Manuel Chaparrón,Rafael Alcides Sandoval Rodriguez,UNE,,,,,,
21,Jalapa,2105,San Carlos Alzatate,Fredi Omar Garcia Galiano,UCN,,,,,,
21,Jalapa,2106,Monjas,Saul  Lopez Escalante,CCM,,,,,,
21,Jalapa,2107,Mataquescuintla,Hector Felipe Guevara Pineda,UNE,,,,,,
22,Jutiapa,2201,Jutiapa,Luis Gabriel Rosales Orellana,VALOR,,,,,,
22,Jutiapa,2202,El Progreso,Marvin Enrique Zepeda Gonzalez,COCIPROG,,,,,,
22,Jutiapa,2203,Santa Catarina Mita,William Geovanny Duarte Aguilar,FCN-NACION,,,,,,
22,Jutiapa,2204,Agua Blanca,Julio Cesar Guerra Cameros,FCN-NACION,,,,,,
22,Jutiapa,2205,Asunción Mita,Rene Francisco Guardado Lemus,COCIMI,,,,,,
22,Jutiapa,2206,Yupiltepeque,Carlos Anibal Godoy Torres,UNE,,,,,,
22,Jutiapa,2207,Atescatempa,Jose Mauricio Contreras Moran,UCN,,,,,,
22,Jutiapa,2208,Jerez,Carlos Efrain Melgar Torres,UNE,,,,,,
22,Jutiapa,2209,El Adelanto,Teofilo Sinohe Corado Azmitia,UNE,,,,,,
22,Jutiapa,2210,Zapotitlán,Hilmar Edgardo Quiñonez Y Quiñonez,UNE,,,,,,
22,Jutiapa,2211,Comapa,Cesar Estuardo Vasquez Recinos,FCN-NACION,,,,,,
22,Jutiapa,2212,Jalpatagua,Gustavo Adolfo Recinos Corea,UNE,,,,,,
22,Jutiapa,2213,Conguaco,Manuel  Gonzalez,UCN,,,,,,
22,Jutiapa,2214,Moyuta,Carlos Roberto Marroquin Fuentes,FCN-NACION,,,,,,
22,Jutiapa,2215,Pasaco,Ottoniel  Pineda Herrera,UNE,,,,,,
22,Jutiapa,2216,San José Acatempa,Esteban Adolfo Castillo Y Castillo,UCN,,,,,,
22,Jutiapa,2217,Quesada,Carlos Alberto Martinez Castellanos,FCN-NACION,,,,,,